titre,nombre de participants
La r√©sistance,4115
The Fall - Episode 3,747
Partitions de musique,2121
Vox Codei - Episode 2,873
Mars Lander - Episode 3,2119
A Million Digits of Pi,4
Space Maze,21
Cross the lines,94
Nurikabe,55
Running Up That Hill,38
Unfolding paper,226
Haunted Manor,142
Fill the square!,226
Ticket to Ride: Europe,92
CodinDice,112
Dungeon Designer,140
Unflood The World,443
The Crime Scene,266
Cubax Folding,88
High-rise buildings,189
Heart of the City,269
Minimax Simple Example,196
Recurring Decimals,1179
Chemical Equation Balancing,419
Xorandor,131
Binary neural network - Part 2,165
The barnyard,526
25x25 Sudoku,51
The water jug riddle from Die Hard 3,273
Mathematics for big ears,33
Completed Mahjong Hands,134
Squares order,186
The two piles difference,289
Breach,268
Flood the World,110
Prime Transformations,259
Spy the Spies,139
Tiling by Squares,130
Sliding puzzle,271
When pigs fly,76
The Lucky Number,750
Prime Fractals in Pascal's Triangle,42
Skylines,398
Hourglass,153
